INSERT INTO Personale_medico (badge, nome, cognome, ruolo, data_nascita, comune_nascita, stipendio) VALUES
(100, 'Mario', 'Rossi', 'medico', '1980-05-15', 'Roma', 25000),
(101, 'Luca', 'Bianchi', 'chirurgo', '1910-09-12', 'Milano', 32000),
(102, 'Giulia', 'Sartori', 'medico', '1988-03-22', 'Napoli', 29000),
(103, 'Francesca', 'Russo', 'chirurgo', '1962-08-19', 'Torino', 34000),
(104, 'Alessandro', 'Ferrari', 'medico', '1990-12-11', 'Palermo', 27000),
(105, 'Chiara', 'Esposito', 'chirurgo', '1978-06-07', 'Firenze', 33000),
(106, 'Marco', 'Bruno', 'medico', '1985-01-24', 'Bologna', 26000),
(107, 'Elena', 'Marini', 'chirurgo', '1965-04-16', 'Genova', 34500),
(108, 'Andrea', 'Galli', 'medico', '1992-11-09', 'Venezia', 23000),
(109, 'Valentina', 'Conti', 'chirurgo', '1958-02-03', 'Verona', 31000),
(110, 'Paolo', 'Barbieri', 'medico', '1960-09-14', 'Trieste', 28000),
(111, 'Sara', 'Rinaldi', 'chirurgo', '1977-12-30', 'Cagliari', 32000),
(112, 'Giorgio', 'Grassi', 'medico', '1983-07-21', 'Perugia', 25000),
(113, 'Marta', 'Colombo', 'chirurgo', '1989-04-08', 'Ancona', 30000),
(114, 'Giovanni', 'Fabbri', 'medico', '1970-05-19', 'Trento', 27000),
(115, 'Anna', 'Romano', 'chirurgo', '1959-06-15', 'Udine', 34000),
(116, 'Roberto', 'Ricci', 'medico', '1986-11-28', 'Rimini', 26000),
(117, 'Elisa', 'Orlandi', 'chirurgo', '1963-01-17', 'Pisa', 34500),
(118, 'Stefano', 'Cattaneo', 'medico', '1991-03-24', 'Lecce', 23000),
(119, 'Monica', 'Pagani', 'chirurgo', '1964-08-11', 'Messina', 31000),
(120, 'Luigi', 'Pellegrini', 'medico', '1957-02-20', 'Bolzano', 28000),
(121, 'Claudia', 'Rizzi', 'chirurgo', '1967-07-30', 'Aosta', 33000),
(122, 'Fabio', 'Marchetti', 'medico', '1987-10-05', 'Reggio Calabria', 25000),
(123, 'Silvia', 'Donati', 'chirurgo', '1980-12-12', 'Savona', 32000),
(124, 'Matteo', 'Ferraro', 'medico', '1973-09-25', 'Forlì', 27000),
(125, 'Federica', 'Piazza', 'chirurgo', '1966-04-18', 'Treviso', 34000),
(126, 'Antonio', 'Villa', 'medico', '1990-08-07', 'Siena', 26000),
(127, 'Ilaria', 'Caruso', 'chirurgo', '1981-06-23', 'Bari', 34500),
(128, 'Riccardo', 'Mancini', 'medico', '1961-03-31', 'Vicenza', 23000),
(129, 'Laura', 'De Luca', 'chirurgo', '1968-11-01', 'Modena', 31000),
(130, 'Daniele', 'Farina', 'medico', '1974-02-14', 'Catania', 28000),

INSERT INTO Reparti (nome_reparto, piano, capacità_massima, telefono_reparto, badge_capo_reparto) VALUES
('Cardiologia', 2, 45, '0811234567', 107),
('Oncologia', 3, 40, '0812345678', 112),
('Pediatria', 1, 50, '0813456789', 119),
('Chirurgia', 2, 35, '0814567890',120),
('Ortopedia', 1, 30, '0815678901',101),
('Ostetricia', 4, 50, '0816789012',107),
('Neurologia', 5, 48, '0817890123',123),
('Gastroenterologia', 3, 38, '0818901234',128),
('Dermatologia', 1, 30, '0819012345',105),
('Urologia', 4, 42, '0810123456',113);

INSERT INTO Camere (id_camera, nome_reparto, massimo_letti) VALUES
(1001, 'Cardiologia', 3),
(1002, 'Cardiologia', 4),
(1003, 'Cardiologia', 2),
(1004, 'Oncologia', 3),
(1005, 'Oncologia', 5),
(1006, 'Oncologia', 4),
(1007, 'Oncologia', 3),
(1008, 'Pediatria', 5),
(1009, 'Pediatria', 2),
(1010, 'Pediatria', 4),
(1011, 'Pediatria', 3),
(1012, 'Ortopedia', 2),
(1013, 'Ortopedia', 3),
(1014, 'Ortopedia', 4),
(1015, 'Ostetricia', 3),
(1016, 'Ostetricia', 4),
(1017, 'Ostetricia', 2),
(1018, 'Neurologia', 3),
(1019, 'Neurologia', 4),
(1020, 'Neurologia', 2),
(1021, 'Gastroenterologia', 3),
(1022, 'Gastroenterologia', 4),
(1023, 'Gastroenterologia', 2),
(1024, 'Dermatologia', 4),
(1025, 'Dermatologia', 3),
(1026, 'Dermatologia', 2),
(1027, 'Urologia', 4),
(1028, 'Urologia', 3),
(1029, 'Urologia', 2),

INSERT INTO Pazienti (c_f, nome, cognome, data_di_nascita, sesso, comune_di_nascita) VALUES
('BNCLCU80E15H501T', 'Luca', 'Bianchi', '1980-05-15', 'maschio', 'Roma'),
('VRDGLI92P23H501S', 'Giulia', 'Verdi', '1992-09-23', 'femmina', 'Milano'),
('RSSMRC78S07H501L', 'Marco', 'Russo', '1978-11-07', 'maschio', 'Napoli'),
('SPSCIA85A24H501N', 'Chiara', 'Esposito', '1985-01-24', 'femmina', 'Torino'),
('RMNFNC62M19H501Z', 'Francesco', 'Romano', '1962-08-19', 'maschio', 'Palermo'),
('RNLLSS90C12H501B', 'Alessia', 'Rinaldi', '1990-03-12', 'femmina', 'Firenze'),
('MRNNDR83L22H501H', 'Andrea', 'Marini', '1983-07-22', 'maschio', 'Genova'),
('CNTFRC71B14H501X', 'Federica', 'Conti', '1971-02-14', 'femmina', 'Venezia'),
('FBBDVD69D01H501Q', 'Davide', 'Fabbri', '1969-04-01', 'maschio', 'Bologna'),
('PLGELS87H18H501M', 'Elisa', 'Pellegrini', '1987-06-18', 'femmina', 'Verona'),
('GRSMTT93P09H501E', 'Matteo', 'Grassi', '1993-09-09', 'maschio', 'Trieste'),
('BRBSRN65T27H501Y', 'Serena', 'Barbieri', '1965-12-27', 'femmina', 'Cagliari'),
('FRRGGR58E02H501V', 'Giorgio', 'Ferrari', '1958-05-02', 'maschio', 'Perugia'),
('CSTNNA75C19H501R', 'Anna', 'Costa', '1975-03-19', 'femmina', 'Ancona'),
('VLLMSS81L29H501K', 'Massimo', 'Villa', '1981-07-29', 'maschio', 'Trento'),
('PZZVLN89S05H501T', 'Valentina', 'Piazza', '1989-11-05', 'femmina', 'Udine'),
('GLLRRT74D08H501G', 'Roberto', 'Galli', '1974-04-08', 'maschio', 'Rimini'),
('MRTGDA91M12H501P', 'Giada', 'Martini', '1991-08-12', 'femmina', 'Pisa'),
('RCCSTF84R14H501C', 'Stefano', 'Ricci', '1984-10-14', 'maschio', 'Lecce'),
('RLNCLD77H03H501U', 'Claudia', 'Orlandi', '1977-06-03', 'femmina', 'Messina'),
('FRNTMS59B18H501O', 'Tommaso', 'Farina', '1959-02-18', 'maschio', 'Bolzano'),
('DNTSLV88E09H501S', 'Silvia', 'Donati', '1988-05-09', 'femmina', 'Aosta'),
('PGNLSN60L21H501I', 'Alessandro', 'Pagani', '1960-07-21', 'maschio', 'Reggio Calabria'),
('CTNFDR79A17H501D', 'Federico', 'Cattaneo', '1979-01-17', 'maschio', 'Savona'),
('MRCLRA82C04H501W', 'Laura', 'Marchetti', '1982-03-04', 'femmina', 'Forlì'),
('RMNSMN73T23H501T', 'Simone', 'Romano', '1973-12-23', 'maschio', 'Treviso'),
('NGRLNE94B06H501H', 'Elena', 'Negri', '1994-02-06', 'femmina', 'Siena'),
('BTGNCL70P25H501S', 'Nicola', 'Battaglia', '1970-09-25', 'maschio', 'Bari'),
('MNCFNC64M15H501Q', 'Francesca', 'Mancini', '1964-08-15', 'femmina', 'Vicenza'),
('DLCLBT76H20H501L', 'Alberto', 'De Luca', '1976-06-20', 'maschio', 'Modena'),
('MRTMTN80A08H501J', 'Martina', 'Moretti', '1980-01-08', 'femmina', 'Catania'),
('PRSLNZ57D18H501F', 'Lorenzo', 'Parisi', '1957-04-18', 'maschio', 'Padova'),
('GRRMNC72S11H501B', 'Monica', 'Guerra', '1972-11-11', 'femmina', 'Pescara'),
('CRSFLP86L13H501Z', 'Filippo', 'Caruso', '1986-07-13', 'maschio', 'Ravenna'),
('PLGCTR85P05H501K', 'Caterina', 'Pellegrini', '1985-09-05', 'femmina', 'Salerno'),
('LNGGVN61B22H501R', 'Giovanni', 'Leone', '1961-02-22', 'maschio', 'Arezzo'),
('VNTGBL67M14H501X', 'Gabriele', 'Ventura', '1967-08-14', 'maschio', 'Cremona'),
('SNTCRN78A19H501M', 'Cristina', 'Santini', '1978-01-19', 'femmina', 'La Spezia'),
('BRNDDR83C12H501I', 'Edoardo', 'Barone', '1983-03-12', 'maschio', 'Caserta'),
('FRRLSS09C15H501P', 'Alessandro', 'Ferrari', '2009-03-15', 'maschio', 'Roma'),
('RSSGLI10L22H501M', 'Giulia', 'Rossi', '2010-07-22', 'femmina', 'Milano'),
('BNCLNZ11T05H501T', 'Lorenzo', 'Bianchi', '2011-12-05', 'maschio', 'Napoli'),
('VRDMRT13H18H501R', 'Marta', 'Verdi', '2013-06-18', 'femmina', 'Torino'),
('SPSRCR12P09H501F', 'Riccardo', 'Esposito', '2012-09-09', 'maschio', 'Firenze'),
('RMNARR15R12H501D', 'Aurora', 'Romano', '2015-10-12', 'femmina', 'Genova'),
('CLBTMS14A28H501L', 'Tommaso', 'Colombo', '2014-01-28', 'maschio', 'Venezia'),
('CSTGNR16D17H501X', 'Ginevra', 'Costa', '2016-04-17', 'femmina', 'Bologna'),
('MRNLND17M23H501K', 'Leonardo', 'Marini', '2017-08-23', 'maschio', 'Verona'),
('RNLMME18S30H501S', 'Emma', 'Rinaldi', '2018-11-30', 'femmina', 'Palermo');


INSERT INTO Ricoveri (id_ricovero, data_ricovero, ora_ricovero, stato_ricovero, cf_paziente) VALUES
(200, '2024-11-01', '08:30:00', 'grave', 'BNCLCU80E15H501T' ),
(201, '2024-11-02', '09:15:00', 'non grave', 'VRDGLI92P23H501S'),
(202, '2024-11-03', '10:45:00', 'in pericolo di vita', 'RSSMRC78S07H501L'),
(203, '2024-11-04', '11:20:00', 'grave', 'SPSCIA85A24H501N'),
(204, '2024-11-05', '13:00:00', 'non grave', 'RMNFNC62M19H501Z'),
(205, '2024-11-06', '15:10:00', 'in pericolo di vita', 'RNLLSS90C12H501B'),
(206, '2024-11-07', '14:30:00', 'non grave', 'MRNNDR83L22H501H'),
(207, '2024-11-08', '17:50:00', 'grave', 'CNTFRC71B14H501X'),
(208, '2024-11-09', '19:15:00', 'in pericolo di vita', 'FBBDVD69D01H501Q'),
(209, '2024-11-10', '21:00:00', 'non grave', 'PLGELS87H18H501M'),
(210, '2024-11-11', '07:30:00', 'grave', 'GRSMTT93P09H501E'),
(211, '2024-11-12', '10:00:00', 'in pericolo di vita', 'BRBSRN65T27H501Y'),
(212, '2024-11-13', '12:20:00', 'non grave', 'FRRGGR58E02H501V'),
(213, '2024-11-14', '09:30:00', 'grave', 'CSTNNA75C19H501R'),
(214, '2024-11-15', '11:15:00', 'non grave', 'VLLMSS81L29H501K'),
(215, '2024-11-16', '14:45:00', 'in pericolo di vita', 'PZZVLN89S05H501T'),
(216, '2024-11-17', '16:10:00', 'non grave', 'GLLRRT74D08H501G'),
(217, '2024-11-18', '18:20:00', 'grave', 'MRTGDA91M12H501P'),
(218, '2024-11-19', '20:30:00', 'in pericolo di vita', 'RCCSTF84R14H501C'),
(219, '2024-11-20', '22:00:00', 'non grave', 'RLNCLD77H03H501U'),
(220, '2024-11-21', '06:00:00', 'grave', 'FRNTMS59B18H501O'),
(221, '2024-11-22', '08:50:00', 'in pericolo di vita', 'DNTSLV88E09H501S'),
(222, '2024-11-23', '11:30:00', 'non grave', 'PGNLSN60L21H501I'),
(223, '2024-11-24', '15:40:00', 'grave', 'CTNFDR79A17H501D'),
(224, '2024-11-25', '17:20:00', 'non grave', 'MRCLRA82C04H501W'),
(225, '2024-11-26', '18:15:00', 'in pericolo di vita', 'RMNSMN73T23H501T'),
(226, '2024-11-27', '20:40:00', 'grave', 'NGRLNE94B06H501H'),
(227, '2024-11-28', '22:10:00', 'non grave', 'BTGNCL70P25H501S'),
(228, '2024-11-29', '08:30:00', 'in pericolo di vita', 'MNCFNC64M15H501Q'),
(229, '2024-11-30', '09:15:00', 'grave', 'DLCLBT76H20H501L'),
(230, '2024-12-01', '10:45:00', 'non grave', 'MRTMTN80A08H501J'),
(231, '2024-12-02', '11:20:00', 'grave', 'PRSLNZ57D18H501F'),
(232, '2024-12-03', '13:00:00', 'in pericolo di vita', 'GRRMNC72S11H501B'),
(233, '2024-12-04', '15:10:00', 'non grave', 'CRSFLP86L13H501Z'),
(234, '2024-12-05', '14:30:00', 'grave', 'PLGCTR85P05H501K'),
(235, '2024-12-06', '17:50:00', 'in pericolo di vita', 'LNGGVN61B22H501R'),
(236, '2024-12-07', '19:15:00', 'non grave', 'VNTGBL67M14H501X'),
(237, '2024-12-08', '21:00:00', 'grave', 'SNTCRN78A19H501M'),
(238, '2024-12-09', '07:30:00', 'in pericolo di vita', 'BRNDDR83C12H501I'),
(239, '2024-12-10', '10:00:00', 'non grave', 'FRRLSS09C15H501P'),
(240, '2024-12-11', '12:20:00', 'grave', 'RSSGLI10L22H501M'),
(241, '2024-12-12', '09:30:00', 'in pericolo di vita', 'BNCLNZ11T05H501T'),
(242, '2024-12-13', '11:15:00', 'non grave', 'VRDMRT13H18H501R'),
(243, '2024-12-14', '14:45:00', 'grave', 'SPSRCR12P09H501F'),
(244, '2024-12-15', '16:10:00', 'in pericolo di vita', 'RMNARR15R12H501D'),
(245, '2024-12-16', '18:20:00', 'non grave', 'CLBTMS14A28H501L'),
(246, '2024-12-17', '20:30:00', 'grave', 'CSTGNR16D17H501X'),
(247, '2024-12-18', '22:00:00', 'in pericolo di vita', 'MRNLND17M23H501K'),
(248, '2024-12-18', '22:30:00', 'non grave', 'RNLMME18S30H501S')
--INSERT INTO Pazienti (nome, cognome, data_di_nascita, c_f, sesso, comune_di_nascita) VALUES -- da aggiungere contatti


INSERT INTO Accompagnatori (cf_accompagnatore, nome, cognome, data_nascita, parentela, contatti, cf_paziente) VALUES
('RSSMRC80A01H501K', 'Marco', 'Rossi', '1980-01-01', 'padre', '3331234567','FRRLSS09C15H501P'),
('VRDFNC82B15H501X', 'Francesca', 'Verdi', '1982-02-15', 'madre', '3349876543','RSSGLI10L22H501M'),
('BNCLRN75C10H501L', 'Lorenzo', 'Bianchi', '1975-03-10', 'padre', '3351122334', 'BNCLNZ11T05H501T'),
('GNTCLD78D22H501M', 'Claudia', 'Gentile', '1978-04-22', 'madre', '3365566778', 'VRDMRT13H18H501R'),
('MRLLGI85E05H501P', 'Luigi', 'Morelli', '1985-05-05', 'fratello maggiore', '3378899001','SPSRCR12P09H501F'),
('CNTVLT90F12H501R', 'Valentina', 'Conti', '1990-06-12', 'sorella maggiore', '3382233445', 'RMNARR15R12H501D'),
('BRNSMN76G18H501T', 'Simone', 'Bernardi', '1976-07-18', 'padre', '3394455667','CLBTMS14A28H501L'),
('GRNFRC80H25H501U', 'Francesco', 'Granata', '1980-08-25', 'fratello maggiore', '3406677889', 'CLBTMS14A28H501L'),
('PLZANN88I10H501Z', 'Anna', 'Palazzi', '1988-09-10', 'sorella maggiore', '3417788990', 'MRNLND17M23H501K'),
('TRCMRC92L05H501S', 'Marco', 'Tricarico', '1992-10-05', 'fratello maggiore', '3428899001', 'RNLMME18S30H501S');


INSERT INTO Cartella_clinica (id_cartella, allergie, patologie, gruppo_sanguigno, cf_paziente) VALUES
(301, 'Polline', 'Diabete tipo 2', 'A+', 'BNCLCU80E15H501T'),
(302, NULL, 'Ipertensione', '0+', 'VRDGLI92P23H501S'),
(303, 'Lattosio', 'Asma', 'B-', 'RSSMRC78S07H501L'),
(304, NULL, 'Insufficienza renale', 'AB+', 'SPSCIA85A24H501N'),
(305, 'Graminacee', 'Fibrosi cistica', 'A-', 'RMNFNC62M19H501Z'),
(306, 'Penicillina', 'Morbo di Crohn', '0-', 'RNLLSS90C12H501B'),
(307, NULL, 'Artrite reumatoide', 'B+', 'MRNNDR83L22H501H'),
(308, 'Anestetici locali', 'Epilessia', 'AB-', 'CNTFRC71B14H501X'),
(309, 'Noci', 'Malattia di Parkinson', 'A+', 'FBBDVD69D01H501Q'),
(310, NULL, 'Colite ulcerosa', '0+', 'PLGELS87H18H501M');
(311, 'Polline', 'Diabete tipo 1', 'A-', 'GRSMTT93P09H501E'),
(312, NULL, 'Ipertensione arteriosa', 'B+', 'BRBSRN65T27H501Y'),
(313, 'Acari', 'Broncopneumopatia cronica', '0-', 'FRRGGR58E02H501V'),
(314, NULL, 'Insufficienza cardiaca', 'AB-', 'CSTNNA75C19H501R'),
(315, 'Frutti di mare', 'Morbo di Alzheimer', 'A+', 'VLLMSS81L29H501K'),
(316, 'Graminacee', 'Sclerosi multipla', '0+', 'PZZVLN89S05H501T'),
(317, 'Lattosio', 'Osteoporosi', 'B-', 'GLLRRT74D08H501G'),
(318, NULL, 'Sindrome metabolica', 'A-', 'MRTGDA91M12H501P'),
(319, 'Pecorino', 'Malattia di Huntington', 'B+', 'RCCSTF84R14H501C'),
(320, NULL, 'Epilessia mioclonica', '0-', 'RLNCLD77H03H501U'),
(321, 'Fragole', 'Disturbo bipolare', 'AB+', 'FRNTMS59B18H501O'),
(322, NULL, 'Depressione maggiore', 'A+', 'DNTSLV88E09H501S'),
(323, 'Glutine', 'Celiachia', 'B-', 'PGNLSN60L21H501I'),
(324, NULL, 'Malattia di Addison', 'AB-', 'CTNFDR79A17H501D'),
(325, 'Anestetici', 'Emofilia', 'A-', 'MRCLRA82C04H501W'),
(326, NULL, 'Carenza di vitamina D', '0+', 'RMNSMN73T23H501T'),
(327, 'Noci', 'Asma allergica', 'A+', 'NGRLNE94B06H501H'),
(328, 'Penicillina', 'Insufficienza epatica', 'AB+', 'BTGNCL70P25H501S'),
(329, 'Polvere', 'Artrite psoriasica', '0-', 'MNCFNC64M15H501Q'),
(330, NULL, 'Tumore al seno', 'B+', 'DLCLBT76H20H501L'),
(331, 'Latticini', 'Epatite C', '0+', 'MRTMTN80A08H501J'),
(332, NULL, 'Fibromialgia', 'A-', 'PRSLNZ57D18H501F'),
(333, 'Cioccolato', 'Sindrome di Sjögren', 'B-', 'GRRMNC72S11H501B'),
(334, NULL, 'Morbo di Wilson', 'AB+', 'CRSFLP86L13H501Z'),
(335, 'Frutti tropicali', 'Neuropatia periferica', 'A+', 'PLGCTR85P05H501K'),
(336, NULL, 'Cancro al pancreas', 'B+', 'LNGGVN61B22H501R'),
(337, 'Antibiotici', 'Anemia falciforme', '0-', 'VNTGBL67M14H501X'),
(338, 'Peli di animali', 'Miastenia grave', 'A-', 'SNTCRN78A19H501M'),
(339, 'Soia', 'Lupus eritematoso sistemico', 'AB-', 'BRNDDR83C12H501I'),
(340, NULL, 'Malattia di Lyme', 'B+', 'FRRLSS09C15H501P'),
(341, 'Graminacee', 'Febbre reumatica', '0+', 'RSSGLI10L22H501M'),
(342, NULL, 'Sindrome di Tourette', 'A-', 'BNCLNZ11T05H501T'),
(343, 'Miele', 'Policitemia', 'B-', 'VRDMRT13H18H501R'),
(344, NULL, 'Morbo di Cushing', 'AB+', 'SPSRCR12P09H501F'),
(345, 'Frutta secca', 'Anemia aplastica', 'A+', 'RMNARR15R12H501D'),
(346, NULL, 'Displasia fibromuscolare', '0-', 'CLBTMS14A28H501L'),
(347, 'Uova', 'Trombosi venosa profonda', 'AB-', 'CSTGNR16D17H501X'),
(348, NULL, 'Sindrome da anticorpi antifosfolipidi', 'B+', 'MRNLND17M23H501K');

INSERT INTO Sale_operaratorie (id_sala, max_persone, livello_attrezzatura) VALUES
(2001, 6, 'alto'),
(2002, 5, 'medio'),
(2003, 7, 'basso'),
(2004, 6, 'alto'),
(2005, 4, 'medio'),
(2006, 8, 'alto'),
(2007, 5, 'basso'),
(2008, 7, 'alto'),
(2009, 6, 'medio'),
(2010, 4, 'basso');

INSERT INTO Operazioni (id_operazione, durata, esito, data_, sala, orario_inizio, id_cartella) VALUES
(501, 5, 'positivo', '2024-11-01', 2001, '08:30:00', 301),
(502, 3, 'negativo', '2024-11-02', 2002, '09:00:00', 302),
(503, 6, 'positivo', '2024-11-03', 2003, '10:30:00', 310),
(504, 4, 'positivo', '2024-11-04', 2004, '11:00:00', 313),
(505, 7, 'negativo', '2024-11-05', 2005, '12:30:00', 318),
(506, 5, 'positivo', '2024-11-06', 2006, '13:00:00', 324),
(507, 2, 'negativo', '2024-11-07', 2007, '14:00:00', 327),
(508, 6, 'positivo', '2024-11-08', 2008, '15:00:00', 330),
(509, 4, 'negativo', '2024-11-09', 2009, '16:00:00', 333),
(510, 5, 'positivo', '2024-11-10', 2010, '17:00:00', 336),
(511, 3, 'positivo', '2024-11-11', 2001, '08:00:00', 335),
(512, 7, 'negativo', '2024-11-12', 2002, '09:00:00', 341),
(513, 4, 'positivo', '2024-11-13', 2003, '10:30:00', 316),
(514, 6, 'positivo', '2024-11-14', 2004, '11:00:00', 344),
(515, 2, 'negativo', '2024-11-15', 2005, '12:30:00', 348);

INSERT INTO Farmaci (id_farmaco, nome, dosaggio, controindicazioni, data_scadenza, allergeni) VALUES
(401, 'Aspirina', '500 m.g.', 'Soggetti con ulcera gastrica, insufficienza renale', '2026-05-12', 'Acido acetilsalicilico'),
(402, 'Ibuprofene', '400 m.g.', 'Non somministrare a pazienti con ulcera peptica', '2027-08-14', 'Acido ibuprofeno'),
(403, 'Paracetamolo', '500 m.g.', 'Evitare in caso di insufficienza epatica', '2027-03-25', 'Paracetamolo'),
(404, 'Amoxicillina', '1000 m.g.', 'Non somministrare in caso di allergia alla penicillina', '2027-06-30', 'Penicillina'),
(405, 'Ciprofloxacina', '500 m.g.', 'Evitare nei pazienti con problemi renali', '2027-09-01', 'Nessun allergene segnalato'),
(406, 'Omeprazolo', '20 m.g.', 'Soggetti con malattie epatiche gravi', '2027-12-10', 'Omeprazolo'),
(407, 'Lorazepam', '2 m.g.', 'Non somministrare in pazienti con depressione respiratoria', '2028-02-20', 'Benzodiazepine'),
(408, 'Clorazepato', '10 m.g.', 'Soggetti con glaucoma o insufficienza respiratoria', '2028-05-15', 'Benzodiazepine'),
(409, 'Metformina', '500 m.g.', 'Soggetti con insufficienza renale', '2028-03-03', 'Metformina'),
(410, 'Prednisolone', '5 m.g.', 'Soggetti con infezioni virali attive', '2028-07-22', 'Corticosteroidi'),
(411, 'Cortisone', '10 m.g.', 'Non somministrare a pazienti con infezioni fungine', '2029-01-15', 'Corticosteroidi'),
(412, 'Morfina', '10 m.g.', 'Soggetti con insufficienza respiratoria', '2029-06-11', 'Alcaloidi'),
(413, 'Fentanil', '50 mcg/h', 'Evitare in pazienti con intolleranza agli oppioidi', '2029-04-22', 'Oppioidi'),
(414, 'Doxiciclina', '100 m.g.', 'Non somministrare in gravidanza', '2029-08-14', 'Tetracicline'),
(415, 'Acido folico', '5 m.g.', 'Soggetti con anemia perniciosa', '2029-05-30', 'Acido folico'),
(416, 'Tachipirina', '500 m.g.', 'Evitare in caso di grave insufficienza epatica', '2029-02-25', 'Paracetamolo'),
(417, 'Digossina', '0.25 m.g.', 'Non somministrare a pazienti con blocco atrioventricolare', '2030-01-17', 'Glicosidi cardiaci'),
(418, 'Enalapril', '5 m.g.', 'Soggetti con stenosi bilaterale delle arterie renali', '2030-04-05', 'ACE-inibitori'),
(419, 'Atorvastatina', '20 m.g.', 'Non somministrare a pazienti con epatite attiva', '2030-06-19', 'Statine'),
(420, 'Simvastatina', '10 m.g.', 'Soggetti con insufficienza epatica', '2030-09-25', 'Statine'),
(421, 'Lisinopril', '10 m.g.', 'Soggetti con angioedema angioedematoso', '2030-02-13', 'ACE-inibitori'),
(422, 'Salmeterolo', '25 mcg', 'Evitare in caso di tachicardia', '2030-11-02', 'Beta-agonisti'),
(423, 'Furosemide', '40 m.g.', 'Non somministrare in caso di ipokalemia', '2031-01-09', 'Diuretici'),
(424, 'Alprazolam', '0.5 m.g.', 'Non somministrare in gravidanza', '2031-02-25', 'Benzodiazepine'),
(425, 'Diazepam', '10 m.g.', 'Evitare in pazienti con glaucoma acuto', '2031-06-14', 'Benzodiazepine'),
(426, 'Ranitidina', '150 m.g.', 'Non somministrare in caso di ulcera perforata', '2031-03-28', 'Ranitidina'),
(427, 'Cetirizina', '10 m.g.', 'Soggetti con insufficienza epatica grave', '2031-05-12', 'Antistaminici'),
(428, 'Loratadina', '10 m.g.', 'Evitare in gravidanza', '2031-09-01', 'Antistaminici'),
(429, 'Levotiroxina', '50 m.g.', 'Soggetti con malattia cardiaca ischemica', '2032-01-20', 'Ormoni tiroidei'),
(430, 'Metoclopramide', '10 m.g.', 'Non somministrare in caso di perforazione intestinale', '2032-03-11', 'Antiemetici'),
(431, 'Prozac', '20 m.g.', 'Evitare in caso di epilessia', '2032-07-14', 'Antidepressivi'),
(432, 'Sertralina', '50 m.g.', 'Non somministrare con inibitori MAO', '2032-09-03', 'Antidepressivi'),
(433, 'Duloxetina', '30 m.g.', 'Non somministrare in caso di insufficienza renale grave', '2032-11-10', 'Antidepressivi'),
(434, 'Losartan', '50 m.g.', 'Evitare in gravidanza', '2033-01-05', 'Antagonisti del recettore AT1'),
(435, 'Vareniclina', '1 m.g.', 'Non somministrare a pazienti con disturbi psichiatrici', '2033-04-19', 'Agonisti nicotinici'),
(436, 'Fluconazolo', '150 m.g.', 'Evitare in caso di insufficienza epatica', '2033-05-28', 'Antimicotici'),
(437, 'Itraconazolo', '200 m.g.', 'Non somministrare in pazienti con insufficienza epatica', '2033-08-17', 'Antimicotici'),
(438, 'Amlodipina', '5 m.g.', 'Non somministrare in caso di insufficienza cardiaca congestizia', '2033-06-02', 'Calcio-antagonisti'),
(439, 'Candesartan', '8 m.g.', 'Non somministrare in gravidanza', '2033-09-25', 'Antagonisti del recettore AT1'),
(440, 'Adenosina', '6 mg', 'Non somministrare a pazienti con malattie polmonari ostruttive', '2034-01-09', 'Farmaci antiaritmici'),
(441, 'Salbutamolo', '100 mcg', 'Non somministrare in caso di malattia cardiaca grave', '2034-02-11', 'Beta-agonisti'),
(442, 'Tobramicina', '80 m.g.', 'Soggetti con insufficienza renale', '2034-03-21', 'Aminoglicosidi'),
(443, 'Gentamicina', '80 m.g.', 'Soggetti con insufficienza renale', '2034-04-23', 'Aminoglicosidi'),
(444, 'Clindamicina', '300 m.g.', 'Soggetti con malattie epatiche gravi', '2034-05-19', 'Macrolidi'),
(445, 'Aciclovir', '200 m.g.', 'Soggetti con insufficienza renale', '2034-06-30', 'Antivirali'),
(446, 'Valaciclovir', '500 m.g.', 'Evitare in pazienti con trapianto di rene', '2034-07-15', 'Antivirali'),
(447, 'Azitromicina', '500 m.g.', 'Soggetti con insufficienza epatica', '2034-08-25', 'Macrolidi'),
(448, 'Leflunomide', '10 m.g.', 'Non somministrare in gravidanza', '2034-09-30', 'Farmaci immunosoppressori'),
(449, 'Meflochina', '250 m.g.', 'Non somministrare a pazienti con epilessia', '2035-01-04', 'Antimalarici'),
(450, 'Fosfomicina', '3 g', 'Non somministrare in caso di insufficienza renale', '2035-02-18', 'Antibiotici'),
(451, 'Betametasone', '0.5 mg', 'Evitare nei pazienti con ulcera peptica', '2035-04-20', 'Corticosteroidi'),
(452, 'Ketorolac', '10 m.g.', 'Non somministrare in caso di insufficienza renale grave', '2035-06-22', 'Antinfiammatori non steroidei'),
(453, 'Naproxene', '250 m.g.', 'Soggetti con ulcera gastrica', '2035-07-28', 'Antinfiammatori non steroidei'),
(454, 'Ibuprofene', '400 m.g.', 'Evitare in caso di insufficienza renale', '2035-09-15', 'Antinfiammatori non steroidei'),
(455, 'Rivaroxaban', '20 m.g.', 'Non somministrare a pazienti con disturbi emorragici', '2035-10-10', 'Anticoagulanti'),
(456, 'Apixaban', '5 m.g.', 'Soggetti con malattie epatiche', '2035-11-03', 'Anticoagulanti'),
(457, 'Warfarin', '2 m.g.', 'Soggetti con disturbi della coagulazione', '2036-01-17', 'Anticoagulanti'),
(458, 'Clopidogrel', '75 m.g.', 'Evitare nei pazienti con disturbi della coagulazione', '2036-02-25', 'Antipiastrinici'),
(459, 'Aspirina', '100 m.g.', 'Soggetti con allergie all’aspirina', '2036-03-15', 'Acido acetilsalicilico'),
(460, 'Heparina', '5000 U.I.', 'Non somministrare a pazienti con emorragie attive', '2036-04-28', 'Anticoagulanti');


INSERT INTO Cure (id_cura, badge, id_cartella) VALUES
(3001, 101, 301),
(3002, 102, 302),
(3003, 103, 303),
(3004, 104, 304),
(3005, 105, 305),
(3006, 106, 306),
(3007, 107, 307),
(3008, 108, 308),
(3009, 109, 309),
(3010, 110, 310),
(3011, 111, 311),
(3012, 112, 312),
(3013, 113, 313),
(3014, 114, 314),
(3015, 115, 315),
(3016, 116, 316),
(3017, 117, 317),
(3018, 118, 318),
(3019, 119, 319),
(3020, 120, 320),
(3021, 121, 321),
(3022, 122, 322),
(3023, 123, 323),
(3024, 124, 324),
(3025, 125, 325),
(3026, 126, 326),
(3027, 127, 327),
(3028, 128, 328),
(3029, 129, 329),
(3030, 130, 330),
(3031, 101, 331),
(3032, 102, 332),
(3033, 103, 333),
(3034, 104, 334),
(3035, 105, 335),
(3036, 106, 336),
(3037, 107, 337),
(3038, 108, 338),
(3039, 109, 339),
(3040, 110, 340),
(3041, 111, 341),
(3042, 112, 342),
(3043, 113, 343),
(3044, 114, 344),
(3045, 115, 345),
(3046, 116, 346),
(3047, 117, 347),
(3048, 118, 348);


INSERT INTO Lista_operazioni (badge, id_operazione) VALUES
(101, 501),
(103, 502),
(105, 503),
(107, 504),
(109, 505),
(111, 506),
(113, 507),
(115, 508),
(117, 509),
(119, 510),
(121, 511),
(123, 512),
(125, 513),
(127, 514),
(129, 515),
(101, 502),
(103, 503),
(105, 504),
(107, 505),
(109, 506),
(111, 507),
(113, 508),
(115, 509),
(117, 510),
(119, 511),
(121, 512),
(123, 513),
(125, 514),
(127, 515),
(129, 501),
(101, 503),
(103, 504),
(105, 505),
(107, 506),
(109, 507),
(111, 508),
(113, 509),
(115, 510),
(117, 511),
(119, 512),
(121, 513),
(123, 514),
(125, 515),
(127, 501),
(129, 502),
(101, 504),
(103, 505),
(105, 506),
(107, 507),
(109, 508),
(111, 509);


INSERT INTO Lavoratori_reparto (badge, reparto) VALUES
(100, 'Cardiologia'),
(101, 'Oncologia'),
(102, 'Pediatria'),
(103, 'Chirurgia'),
(104, 'Ortopedia'),
(105, 'Ostetricia'),
(106, 'Neurologia'),
(107, 'Gastroenterologia'),
(108, 'Dermatologia'),
(109, 'Urologia'),
(110, 'Cardiologia'),
(111, 'Oncologia'),
(112, 'Pediatria'),
(113, 'Chirurgia'),
(114, 'Ortopedia'),
(115, 'Ostetricia'),
(116, 'Neurologia'),
(117, 'Gastroenterologia'),
(118, 'Dermatologia'),
(119, 'Urologia'),
(120, 'Cardiologia'),
(121, 'Oncologia'),
(122, 'Pediatria'),
(123, 'Chirurgia'),
(124, 'Ortopedia'),
(125, 'Ostetricia'),
(126, 'Neurologia'),
(127, 'Gastroenterologia'),
(128, 'Dermatologia'),
(129, 'Urologia'),
(130, 'Cardiologia');

INSERT INTO Camere_ricoveri (id_camera, id_ricovero) VALUES
(1001, 200),
(1002, 201),
(1003, 202),
(1004, 203),
(1005, 204),
(1006, 205),
(1007, 206),
(1008, 207),
(1009, 208),
(1010, 209),
(1011, 210),
(1012, 211),
(1013, 212),
(1014, 213),
(1015, 214),
(1016, 215),
(1017, 216),
(1018, 217),
(1019, 218),
(1020, 219),
(1021, 220),
(1022, 221),
(1023, 222),
(1024, 223),
(1025, 224),
(1026, 225),
(1027, 226),
(1028, 227),
(1001, 228),
(1002, 229),
(1003, 230),
(1004, 231),
(1005, 232),
(1006, 233),
(1007, 234),
(1008, 235),
(1009, 236),
(1010, 237),
(1011, 238),
(1012, 239),
(1013, 240),
(1014, 241),
(1015, 242),
(1016, 243),
(1017, 244),
(1018, 245),
(1019, 246),
(1020, 247),
(1021, 248);

INSERT INTO Camere_reparti (id_camera, reparto) VALUES
(1001, 'Cardiologia'),
(1002, 'Oncologia'),
(1003, 'Pediatria'),
(1004, 'Chirurgia'),
(1005, 'Ortopedia'),
(1006, 'Ostetricia'),
(1007, 'Neurologia'),
(1008, 'Gastroenterologia'),
(1009, 'Dermatologia'),
(1010, 'Urologia'),
(1011, 'Cardiologia'),
(1012, 'Oncologia'),
(1013, 'Pediatria'),
(1014, 'Chirurgia'),
(1015, 'Ortopedia'),
(1016, 'Ostetricia'),
(1017, 'Neurologia'),
(1018, 'Gastroenterologia'),
(1019, 'Dermatologia'),
(1020, 'Urologia'),
(1021, 'Cardiologia'),
(1022, 'Oncologia'),
(1023, 'Pediatria'),
(1024, 'Chirurgia'),
(1025, 'Ortopedia'),
(1026, 'Ostetricia'),
(1027, 'Neurologia'),
(1028, 'Gastroenterologia'),
(1029, 'Dermatologia');


INSERT INTO Lista_farmaci (id_cura, id_farmaco) VALUES
(3001, 401),
(3002, 402),
(3003, 403),
(3004, 404),
(3005, 405),
(3006, 406),
(3007, 407),
(3008, 408),
(3009, 409),
(3010, 410),
(3011, 411),
(3012, 412),
(3013, 413),
(3014, 414),
(3015, 415),
(3016, 416),
(3017, 417),
(3018, 418),
(3019, 419),
(3020, 420),
(3021, 421),
(3022, 422),
(3023, 423),
(3024, 424),
(3025, 425),
(3026, 426),
(3027, 427),
(3028, 428),
(3029, 429),
(3030, 430),
(3031, 431),
(3032, 432),
(3033, 433),
(3034, 434),
(3035, 435),
(3036, 436),
(3037, 437),
(3038, 438),
(3039, 439),
(3040, 440),
(3041, 441),
(3042, 442),
(3043, 443),
(3044, 444),
(3045, 445),
(3046, 446),
(3047, 447),
(3048, 448),
(3001, 449),
(3002, 450),
(3003, 451),
(3004, 452),
(3005, 453),
(3006, 454),
(3007, 455),
(3008, 456),
(3009, 457),
(3010, 458),
(3011, 459),
(3012, 460),
(3013, 401),
(3014, 402),
(3015, 403),
(3016, 404),
(3017, 405),
(3018, 406),
(3019, 407),
(3020, 408),
(3021, 409),
(3022, 410),
(3023, 411),
(3024, 412),
(3025, 413),
(3026, 414),
(3027, 415),
(3028, 416),
(3029, 417),
(3030, 418),
(3031, 419);
